{"$schema":"http://schema.management.azure.com/schemas/2015-01-01/deploymentTemplate.json#","contentVersion":"1.0.0.0","parameters":{"https://d37ci6vzurychx.cloudfront.net user1":{"type":"string"},"LH_Data":{"type":"string"}},"variables":{},"resources":[{"name":"taxi_data_pipeline","type":"pipelines","apiVersion":"2018-06-01","properties":{"activities":[{"name":"Copy data1","type":"Copy","dependsOn":[],"policy":{"timeout":"0.12:00:00","retry":0,"retryIntervalInSeconds":30,"secureOutput":false,"secureInput":false},"typeProperties":{"source":{"type":"BinarySource","storeSettings":{"type":"HttpReadSettings","requestMethod":"GET"},"formatSettings":{"type":"BinaryReadSettings"},"datasetSettings":{"annotations":[],"type":"Binary","typeProperties":{"location":{"type":"HttpServerLocation"}},"externalReferences":{"connection":"[parameters('https://d37ci6vzurychx.cloudfront.net user1')]"}}},"sink":{"type":"BinarySink","storeSettings":{"type":"LakehouseWriteSettings"},"datasetSettings":{"annotations":[],"linkedService":{"name":"LH_Data","properties":{"annotations":[],"type":"Lakehouse","typeProperties":{"workspaceId":"9d4ef43b-2621-4f6f-944c-2e1cd1c8afcf","artifactId":"[parameters('LH_Data')]","rootFolder":"Files"}}},"type":"Binary","typeProperties":{"location":{"type":"LakehouseLocation","folderPath":"bronze/taxi/taxi_trips"}}}},"enableStaging":false}},{"name":"ForEach_Months","type":"ForEach","dependsOn":[],"typeProperties":{"items":{"value":"@split('01,02,03,04,05,06,07,08,09,10,11', ',')\n\n","type":"Expression"},"isSequential":false,"batchCount":5,"activities":[{"name":"Copy data2","type":"Copy","dependsOn":[],"policy":{"timeout":"0.12:00:00","retry":0,"retryIntervalInSeconds":30,"secureOutput":false,"secureInput":false},"typeProperties":{"source":{"type":"BinarySource","storeSettings":{"type":"HttpReadSettings","requestMethod":"GET"},"formatSettings":{"type":"BinaryReadSettings"},"datasetSettings":{"annotations":[],"type":"Binary","typeProperties":{"location":{"type":"HttpServerLocation","relativeUrl":{"value":"@concat(\n  'trip-data/yellow_tripdata_2025-',\n  item(),\n  '.parquet'\n)\n","type":"Expression"}}},"externalReferences":{"connection":"[parameters('https://d37ci6vzurychx.cloudfront.net user1')]"}}},"sink":{"type":"BinarySink","storeSettings":{"type":"LakehouseWriteSettings"},"datasetSettings":{"annotations":[],"linkedService":{"name":"LH_Data","properties":{"annotations":[],"type":"Lakehouse","typeProperties":{"workspaceId":"9d4ef43b-2621-4f6f-944c-2e1cd1c8afcf","artifactId":"[parameters('LH_Data')]","rootFolder":"Files"}}},"type":"Binary","typeProperties":{"location":{"type":"LakehouseLocation","folderPath":"bronze/taxi/taxi_trips"}}}},"enableStaging":false}}]}}],"lastModifiedByObjectId":"dd9be03c-061e-4bdb-b953-d9844c0bad90","lastPublishTime":"2026-01-08T17:49:19Z"},"dependsOn":[]}]}